#BeginnerAgent PlayerData: Attempts=1, Backtracks=26, NearSolves=4, Resets=1, TimeTaken=54, SuggestedDifficulty=4
O,O,O,O,O,O,O,O,O,O
O,#,O,#,#,O,#,#,X,E
O,#,#,#,#,#,O,#,X,O
O,#,#,#,#,#,#,#,X,O
O,#,#,#,#,#,#,#,X,O
O,#,#,#,#,#,#,#,X,O
O,#,P,O,X,X,X,X,X,O
S,X,X,X,X,D,#,#,#,O
O,#,#,#,O,#,#,#,#,O
O,O,O,O,O,O,O,O,O,O

#BeginnerAgent PlayerData: Attempts=1, Backtracks=770, NearSolves=8, Resets=25, TimeTaken=802, SuggestedDifficulty=4
O,O,O,O,O,O,O,O,O,O
O,#,#,#,O,#,#,#,#,O
S,X,#,D,#,#,#,#,O,O
O,X,#,X,X,X,X,X,X,O
O,X,#,X,X,#,#,O,X,O
O,X,O,O,X,#,#,#,X,O
O,X,X,X,X,#,#,#,X,O
O,#,P,#,#,#,#,#,X,O
O,#,#,#,#,#,#,#,X,E
O,O,O,O,O,O,O,O,O,O

#BeginnerAgent PlayerData: Attempts=1, Backtracks=193, NearSolves=7, Resets=7, TimeTaken=241, SuggestedDifficulty=4
O,O,O,O,O,O,O,O,O,O
O,S,#,#,#,#,#,#,#,O
O,#,#,#,#,#,#,#,#,O
O,#,#,#,#,#,#,#,#,O
O,#,#,#,#,#,#,#,#,O
O,#,#,#,#,#,#,#,#,O
O,#,#,#,#,#,#,#,#,O
O,#,#,#,#,#,#,#,#,O
O,#,#,#,#,#,#,#,E,O
O,O,O,O,O,O,O,O,O,O

#BeginnerAgent PlayerData: Attempts=1, Backtracks=139, NearSolves=4, Resets=5, TimeTaken=173, SuggestedDifficulty=4
O,O,O,O,O,O,O,O,O,O
O,S,#,#,#,#,#,#,#,O
O,#,#,#,#,#,#,#,#,O
O,#,#,#,#,#,#,#,#,O
O,#,#,#,#,#,#,#,#,O
O,#,#,#,#,#,#,#,#,O
O,#,#,#,#,#,#,#,#,O
O,#,#,#,#,#,#,#,#,O
O,#,#,#,#,#,#,#,E,O
O,O,O,O,O,O,O,O,O,O

#BeginnerAgent PlayerData: Attempts=1, Backtracks=1350, NearSolves=17, Resets=43, TimeTaken=1362, SuggestedDifficulty=4
O,O,S,O,O,O,O,O,O,O
O,#,X,P,#,#,O,#,O,O
O,#,X,X,X,D,#,#,#,O
O,X,X,X,X,D,#,#,#,O
O,D,P,P,X,P,O,O,D,O
O,#,P,O,X,X,D,P,X,O
O,O,X,X,X,D,O,X,X,O
O,#,#,X,O,#,O,X,X,O
O,#,#,X,X,X,X,X,X,O
O,O,O,O,O,O,E,O,O,O

#BeginnerAgent PlayerData: Attempts=1, Backtracks=10, NearSolves=6, Resets=0, TimeTaken=27, SuggestedDifficulty=4
O,O,S,O,O,O,O,O,O,O
O,#,X,P,#,#,O,#,O,O
O,#,X,X,X,D,#,#,#,O
O,X,X,X,X,D,#,#,#,O
O,D,P,P,X,P,O,O,D,O
O,#,P,O,X,X,D,P,X,O
O,O,X,X,X,D,O,X,X,O
O,#,#,X,O,#,O,X,X,O
O,#,#,X,X,X,X,X,X,O
O,O,O,O,O,O,E,O,O,O

#BeginnerAgent PlayerData: Attempts=1, Backtracks=640, NearSolves=3, Resets=21, TimeTaken=670, SuggestedDifficulty=4
O,O,S,O,O,O,O,O,O,O
O,#,X,P,#,#,O,#,O,O
O,#,X,X,X,D,#,#,#,O
O,X,X,X,X,D,#,#,#,O
O,D,P,P,X,P,O,O,D,O
O,#,P,O,X,X,D,P,X,O
O,O,X,X,X,D,O,X,X,O
O,#,#,X,O,#,O,X,X,O
O,#,#,X,X,X,X,X,X,O
O,O,O,O,O,O,E,O,O,O

#BeginnerAgent PlayerData: Attempts=1, Backtracks=111, NearSolves=3, Resets=4, TimeTaken=151, SuggestedDifficulty=4
O,O,S,O,O,O,O,O,O,O
O,#,X,P,#,#,O,#,O,O
O,#,X,X,X,D,#,#,#,O
O,X,X,X,X,D,#,#,#,O
O,D,P,P,X,P,O,O,D,O
O,#,P,O,X,X,D,P,X,O
O,O,X,X,X,D,O,X,X,O
O,#,#,X,O,#,O,X,X,O
O,#,#,X,X,X,X,X,X,O
O,O,O,O,O,O,E,O,O,O

#BeginnerAgent PlayerData: Attempts=1, Backtracks=183, NearSolves=7, Resets=6, TimeTaken=196, SuggestedDifficulty=4
O,O,O,O,O,O,O,O,O,O
O,S,#,O,#,#,O,O,#,O
O,X,O,X,P,P,X,X,D,O
O,X,X,X,X,D,X,X,D,O
O,P,X,D,#,P,X,X,P,O
O,X,X,X,P,X,X,X,#,O
O,#,P,X,X,X,X,X,D,O
O,O,#,X,O,O,X,X,#,O
O,#,E,X,O,#,D,X,D,O
O,O,O,O,O,O,O,O,O,O

#BeginnerAgent PlayerData: Attempts=1, Backtracks=65, NearSolves=5, Resets=2, TimeTaken=72, SuggestedDifficulty=4
O,O,O,O,O,O,O,O,O,O
O,S,#,O,#,#,O,O,#,O
O,X,O,X,P,P,X,X,D,O
O,X,X,X,X,D,X,X,D,O
O,P,X,D,#,P,X,X,P,O
O,X,X,X,P,X,X,X,#,O
O,#,P,X,X,X,X,X,D,O
O,O,#,X,O,O,X,X,#,O
O,#,E,X,O,#,D,X,D,O
O,O,O,O,O,O,O,O,O,O

#BeginnerAgent PlayerData: Attempts=1, Backtracks=11, NearSolves=7, Resets=0, TimeTaken=24, SuggestedDifficulty=4
O,O,O,O,O,O,O,O,O,O
O,S,#,O,#,#,O,O,#,O
O,X,O,X,P,P,X,X,D,O
O,X,X,X,X,D,X,X,D,O
O,P,X,D,#,P,X,X,P,O
O,X,X,X,P,X,X,X,#,O
O,#,P,X,X,X,X,X,D,O
O,O,#,X,O,O,X,X,#,O
O,#,E,X,O,#,D,X,D,O
O,O,O,O,O,O,O,O,O,O

#BeginnerAgent PlayerData: Attempts=1, Backtracks=3, NearSolves=3, Resets=0, TimeTaken=14, SuggestedDifficulty=5
O,O,O,O,O,O,O,O,O,O
O,S,#,O,#,#,O,O,#,O
O,X,O,X,P,P,X,X,D,O
O,X,X,X,X,D,X,X,D,O
O,P,X,D,#,P,X,X,P,O
O,X,X,X,P,X,X,X,#,O
O,#,P,X,X,X,X,X,D,O
O,O,#,X,O,O,X,X,#,O
O,#,E,X,O,#,D,X,D,O
O,O,O,O,O,O,O,O,O,O

#BeginnerAgent PlayerData: Attempts=1, Backtracks=158, NearSolves=15, Resets=5, TimeTaken=179, SuggestedDifficulty=4
O,O,O,O,O,O,O,O,O,O
O,S,#,O,#,#,O,O,#,O
O,X,O,X,P,P,X,X,D,O
O,X,X,X,X,D,X,X,D,O
O,P,X,D,#,P,X,X,P,O
O,X,X,X,P,X,X,X,#,O
O,#,P,X,X,X,X,X,D,O
O,O,#,X,O,O,X,X,#,O
O,#,E,X,O,#,D,X,D,O
O,O,O,O,O,O,O,O,O,O

#BeginnerAgent PlayerData: Attempts=1, Backtracks=15, NearSolves=5, Resets=0, TimeTaken=26, SuggestedDifficulty=4
O,O,O,O,O,O,O,O,O,O
O,S,#,O,#,#,O,O,#,O
O,X,O,X,P,P,X,X,D,O
O,X,X,X,X,D,X,X,D,O
O,P,X,D,#,P,X,X,P,O
O,X,X,X,P,X,X,X,#,O
O,#,P,X,X,X,X,X,D,O
O,O,#,X,O,O,X,X,#,O
O,#,E,X,O,#,D,X,D,O
O,O,O,O,O,O,O,O,O,O

#BeginnerAgent PlayerData: Attempts=1, Backtracks=1, NearSolves=3, Resets=0, TimeTaken=10, SuggestedDifficulty=6
O,O,O,O,O,O,O,O,O,O
O,S,#,O,#,#,O,O,#,O
O,X,O,X,P,P,X,X,D,O
O,X,X,X,X,D,X,X,D,O
O,P,X,D,#,P,X,X,P,O
O,X,X,X,P,X,X,X,#,O
O,#,P,X,X,X,X,X,D,O
O,O,#,X,O,O,X,X,#,O
O,#,E,X,O,#,D,X,D,O
O,O,O,O,O,O,O,O,O,O

#BeginnerAgent PlayerData: Attempts=1, Backtracks=48, NearSolves=4, Resets=1, TimeTaken=61, SuggestedDifficulty=4
O,O,O,O,O,O,O,O,O,O
O,S,#,O,#,#,O,O,#,O
O,X,O,X,P,P,X,X,D,O
O,X,X,X,X,D,X,X,D,O
O,P,X,D,#,P,X,X,P,O
O,X,X,X,P,X,X,X,#,O
O,#,P,X,X,X,X,X,D,O
O,O,#,X,O,O,X,X,#,O
O,#,E,X,O,#,D,X,D,O
O,O,O,O,O,O,O,O,O,O

#BeginnerAgent PlayerData: Attempts=1, Backtracks=97, NearSolves=5, Resets=3, TimeTaken=119, SuggestedDifficulty=4
O,O,O,O,O,O,O,O,O,O
O,S,#,O,#,#,O,O,#,O
O,X,O,X,P,P,X,X,D,O
O,X,X,X,X,D,X,X,D,O
O,P,X,D,#,P,X,X,P,O
O,X,X,X,P,X,X,X,#,O
O,#,P,X,X,X,X,X,D,O
O,O,#,X,O,O,X,X,#,O
O,#,E,X,O,#,D,X,D,O
O,O,O,O,O,O,O,O,O,O

#BeginnerAgent PlayerData: Attempts=1, Backtracks=153, NearSolves=4, Resets=5, TimeTaken=178, SuggestedDifficulty=4
O,X,X,X,S,O,O,O,O,O
O,X,O,O,X,D,#,O,O,O
O,X,X,X,X,#,O,O,O,O
O,P,X,X,O,O,#,O,#,O
O,#,P,X,O,#,P,X,P,O
O,#,P,X,X,P,D,X,#,O
O,D,X,X,X,X,X,X,O,O
O,X,X,X,D,D,X,O,O,O
O,X,D,X,D,P,X,O,O,O
O,X,E,O,O,O,O,O,O,O

#BeginnerAgent PlayerData: Attempts=1, Backtracks=7, NearSolves=4, Resets=0, TimeTaken=25, SuggestedDifficulty=4
O,X,X,X,S,O,O,O,O,O
O,X,O,O,X,D,#,O,O,O
O,X,X,X,X,#,O,O,O,O
O,P,X,X,O,O,#,O,#,O
O,#,P,X,O,#,P,X,P,O
O,#,P,X,X,P,D,X,#,O
O,D,X,X,X,X,X,X,O,O
O,X,X,X,D,D,X,O,O,O
O,X,D,X,D,P,X,O,O,O
O,X,E,O,O,O,O,O,O,O

#BeginnerAgent PlayerData: Attempts=1, Backtracks=349, NearSolves=9, Resets=11, TimeTaken=370, SuggestedDifficulty=4
O,X,X,X,S,O,O,O,O,O
O,X,O,O,X,D,#,O,O,O
O,X,X,X,X,#,O,O,O,O
O,P,X,X,O,O,#,O,#,O
O,#,P,X,O,#,P,X,P,O
O,#,P,X,X,P,D,X,#,O
O,D,X,X,X,X,X,X,O,O
O,X,X,X,D,D,X,O,O,O
O,X,D,X,D,P,X,O,O,O
O,X,E,O,O,O,O,O,O,O

#BeginnerAgent PlayerData: Attempts=1, Backtracks=220, NearSolves=5, Resets=7, TimeTaken=246, SuggestedDifficulty=4
O,X,X,X,S,O,O,O,O,O
O,X,O,O,X,D,#,O,O,O
O,X,X,X,X,#,O,O,O,O
O,P,X,X,O,O,#,O,#,O
O,#,P,X,O,#,P,X,P,O
O,#,P,X,X,P,D,X,#,O
O,D,X,X,X,X,X,X,O,O
O,X,X,X,D,D,X,O,O,O
O,X,D,X,D,P,X,O,O,O
O,X,E,O,O,O,O,O,O,O

#BeginnerAgent PlayerData: Attempts=1, Backtracks=40, NearSolves=9, Resets=1, TimeTaken=60, SuggestedDifficulty=4
O,X,X,X,S,O,O,O,O,O
O,X,O,O,X,D,#,O,O,O
O,X,X,X,X,#,O,O,O,O
O,P,X,X,O,O,#,O,#,O
O,#,P,X,O,#,P,X,P,O
O,#,P,X,X,P,D,X,#,O
O,D,X,X,X,X,X,X,O,O
O,X,X,X,D,D,X,O,O,O
O,X,D,X,D,P,X,O,O,O
O,X,E,O,O,O,O,O,O,O

#BeginnerAgent PlayerData: Attempts=1, Backtracks=347, NearSolves=6, Resets=11, TimeTaken=368, SuggestedDifficulty=4
O,X,X,X,S,O,O,O,O,O
O,X,O,O,X,D,#,O,O,O
O,X,X,X,X,#,O,O,O,O
O,P,X,X,O,O,#,O,#,O
O,#,P,X,O,#,P,X,P,O
O,#,P,X,X,P,D,X,#,O
O,D,X,X,X,X,X,X,O,O
O,X,X,X,D,D,X,O,O,O
O,X,D,X,D,P,X,O,O,O
O,X,E,O,O,O,O,O,O,O

#BeginnerAgent PlayerData: Attempts=1, Backtracks=11, NearSolves=3, Resets=0, TimeTaken=27, SuggestedDifficulty=4
O,X,X,X,S,O,O,O,O,O
O,X,O,O,X,D,#,O,O,O
O,X,X,X,X,#,O,O,O,O
O,P,X,X,O,O,#,O,#,O
O,#,P,X,O,#,P,X,P,O
O,#,P,X,X,P,D,X,#,O
O,D,X,X,X,X,X,X,O,O
O,X,X,X,D,D,X,O,O,O
O,X,D,X,D,P,X,O,O,O
O,X,E,O,O,O,O,O,O,O

#BeginnerAgent PlayerData: Attempts=1, Backtracks=123, NearSolves=5, Resets=4, TimeTaken=143, SuggestedDifficulty=4
O,X,X,X,S,O,O,O,O,O
O,X,O,O,X,D,#,O,O,O
O,X,X,X,X,#,O,O,O,O
O,P,X,X,O,O,#,O,#,O
O,#,P,X,O,#,P,X,P,O
O,#,P,X,X,P,D,X,#,O
O,D,X,X,X,X,X,X,O,O
O,X,X,X,D,D,X,O,O,O
O,X,D,X,D,P,X,O,O,O
O,X,E,O,O,O,O,O,O,O

#BeginnerAgent PlayerData: Attempts=1, Backtracks=35, NearSolves=3, Resets=1, TimeTaken=50, SuggestedDifficulty=4
O,X,X,X,S,O,O,O,O,O
O,X,O,O,X,D,#,O,O,O
O,X,X,X,X,#,O,O,O,O
O,P,X,X,O,O,#,O,#,O
O,#,P,X,O,#,P,X,P,O
O,#,P,X,X,P,D,X,#,O
O,D,X,X,X,X,X,X,O,O
O,X,X,X,D,D,X,O,O,O
O,X,D,X,D,P,X,O,O,O
O,X,E,O,O,O,O,O,O,O

#BeginnerAgent PlayerData: Attempts=1, Backtracks=183, NearSolves=5, Resets=6, TimeTaken=205, SuggestedDifficulty=4
O,X,X,X,S,O,O,O,O,O
O,X,O,O,X,D,#,O,O,O
O,X,X,X,X,#,O,O,O,O
O,P,X,X,O,O,#,O,#,O
O,#,P,X,O,#,P,X,P,O
O,#,P,X,X,P,D,X,#,O
O,D,X,X,X,X,X,X,O,O
O,X,X,X,D,D,X,O,O,O
O,X,D,X,D,P,X,O,O,O
O,X,E,O,O,O,O,O,O,O

#BeginnerAgent PlayerData: (no stats, not played)
O,X,X,X,S,O,O,O,O,O
O,X,O,O,X,D,#,O,O,O
O,X,X,X,X,#,O,O,O,O
O,P,X,X,O,O,#,O,#,O
O,#,P,X,O,#,P,X,P,O
O,#,P,X,X,P,D,X,#,O
O,D,X,X,X,X,X,X,O,O
O,X,X,X,D,D,X,O,O,O
O,X,D,X,D,P,X,O,O,O
O,X,E,O,O,O,O,O,O,O

#BeginnerAgent PlayerData: Attempts=1, Backtracks=12, NearSolves=3, Resets=0, TimeTaken=27, SuggestedDifficulty=4
O,O,O,O,O,O,O,O,O,O
S,#,#,#,#,#,#,#,#,E
O,#,#,#,#,#,#,#,#,O
O,#,#,#,#,#,#,#,#,O
O,#,#,#,#,#,#,#,#,O
O,#,#,#,#,#,#,#,#,O
O,#,#,#,#,#,#,#,#,O
O,#,#,#,#,#,#,#,#,O
O,#,#,#,#,#,#,#,#,O
O,O,O,O,O,O,O,O,O,O

#BeginnerAgent PlayerData: Attempts=1, Backtracks=328, NearSolves=24, Resets=11, TimeTaken=362, SuggestedDifficulty=4
O,O,O,O,O,O,O,O,O,O
S,#,#,#,#,#,#,#,#,E
O,#,#,#,#,#,#,#,#,O
O,#,#,#,#,#,#,#,#,O
O,#,#,#,#,#,#,#,#,O
O,#,#,#,#,#,#,#,#,O
O,#,#,#,#,#,#,#,#,O
O,#,#,#,#,#,#,#,#,O
O,#,#,#,#,#,#,#,#,O
O,O,O,O,O,O,O,O,O,O

#BeginnerAgent PlayerData: Attempts=1, Backtracks=11, NearSolves=3, Resets=0, TimeTaken=25, SuggestedDifficulty=4
O,O,O,O,O,O,O,O,O,O
S,#,#,#,#,#,#,#,#,E
O,#,#,#,#,#,#,#,#,O
O,#,#,#,#,#,#,#,#,O
O,#,#,#,#,#,#,#,#,O
O,#,#,#,#,#,#,#,#,O
O,#,#,#,#,#,#,#,#,O
O,#,#,#,#,#,#,#,#,O
O,#,#,#,#,#,#,#,#,O
O,O,O,O,O,O,O,O,O,O

#BeginnerAgent PlayerData: Attempts=1, Backtracks=22, NearSolves=3, Resets=1, TimeTaken=52, SuggestedDifficulty=4
O,O,O,O,O,O,O,O,O,O
S,#,#,#,#,#,#,#,#,E
O,#,#,#,#,#,#,#,#,O
O,#,#,#,#,#,#,#,#,O
O,#,#,#,#,#,#,#,#,O
O,#,#,#,#,#,#,#,#,O
O,#,#,#,#,#,#,#,#,O
O,#,#,#,#,#,#,#,#,O
O,#,#,#,#,#,#,#,#,O
O,O,O,O,O,O,O,O,O,O

#BeginnerAgent PlayerData: Attempts=1, Backtracks=82, NearSolves=22, Resets=3, TimeTaken=114, SuggestedDifficulty=4
O,O,O,O,O,O,O,O,O,O
S,#,#,#,#,#,#,#,#,E
O,#,#,#,#,#,#,#,#,O
O,#,#,#,#,#,#,#,#,O
O,#,#,#,#,#,#,#,#,O
O,#,#,#,#,#,#,#,#,O
O,#,#,#,#,#,#,#,#,O
O,#,#,#,#,#,#,#,#,O
O,#,#,#,#,#,#,#,#,O
O,O,O,O,O,O,O,O,O,O

#BeginnerAgent PlayerData: Attempts=1, Backtracks=85, NearSolves=4, Resets=3, TimeTaken=119, SuggestedDifficulty=4
O,O,O,O,O,O,O,O,O,O
S,X,X,X,X,X,X,X,X,O
O,#,X,X,D,#,O,P,X,O
O,O,P,O,D,#,D,X,X,O
O,#,#,X,X,#,X,X,#,O
O,O,O,X,X,X,X,P,O,O
O,O,O,X,X,P,D,#,X,E
O,O,O,#,X,X,X,X,X,O
O,#,O,#,#,#,P,O,D,O
O,O,O,O,O,O,O,O,O,O

#BeginnerAgent PlayerData: Attempts=1, Backtracks=5122, NearSolves=34, Resets=161, TimeTaken=5001, SuggestedDifficulty=4
O,O,O,O,O,O,O,O,O,O
O,O,P,X,X,X,D,O,#,O
S,X,X,X,P,X,O,#,O,O
O,P,X,X,O,X,O,#,O,O
O,O,D,O,O,X,#,O,#,O
O,O,O,X,X,X,O,#,#,O
O,#,#,X,P,D,#,#,X,E
O,O,#,X,X,X,X,X,X,O
O,O,O,#,O,#,#,D,O,O
O,O,O,O,O,O,O,O,O,O

#BeginnerAgent PlayerData: Attempts=1, Backtracks=1619, NearSolves=21, Resets=51, TimeTaken=1608, SuggestedDifficulty=4
O,O,O,O,O,O,O,O,O,O
O,O,O,O,#,#,P,O,#,O
O,#,O,O,#,O,X,X,X,O
O,O,O,O,#,#,X,D,X,O
S,X,O,#,O,#,X,#,X,E
O,X,X,#,O,#,X,X,O,O
O,P,X,X,X,X,X,X,D,O
O,O,D,O,#,#,P,O,O,O
O,O,O,#,#,O,#,O,O,O
O,O,O,O,O,O,O,O,O,O

#BeginnerAgent PlayerData: Attempts=1, Backtracks=1026, NearSolves=9, Resets=32, TimeTaken=1021, SuggestedDifficulty=4
O,O,O,O,O,O,O,O,O,O
O,#,#,O,#,#,O,#,O,O
S,X,X,O,O,#,#,O,O,O
O,P,X,#,O,O,O,O,O,O
O,#,X,O,O,O,O,O,#,O
O,O,X,O,O,O,D,#,#,O
O,O,X,X,X,X,X,X,X,E
O,O,D,O,O,P,#,O,#,O
O,#,#,O,O,O,#,#,O,O
O,O,O,O,O,O,O,O,O,O

#BeginnerAgent PlayerData: Attempts=1, Backtracks=219, NearSolves=16, Resets=7, TimeTaken=237, SuggestedDifficulty=4
O,O,O,O,O,O,O,O,O,O
O,O,O,O,O,O,#,O,#,O
O,O,O,O,O,O,#,O,O,O
O,O,O,O,#,O,#,#,#,O
O,#,O,O,#,#,O,O,#,O
O,#,O,O,#,P,#,O,D,O
S,X,X,X,X,X,X,X,X,O
O,#,#,#,#,O,O,O,X,E
O,#,O,O,O,O,#,O,O,O
O,O,O,O,O,O,O,O,O,O

#BeginnerAgent PlayerData: Attempts=1, Backtracks=4, NearSolves=5, Resets=0, TimeTaken=14, SuggestedDifficulty=4
O,O,O,O,O,O,O,O,O,O
O,#,O,P,O,#,O,#,X,E
S,X,X,X,X,X,X,X,X,O
O,#,O,O,O,#,O,#,D,O
O,O,#,O,#,O,O,O,#,O
O,O,O,O,#,O,O,#,O,O
O,#,#,O,O,O,#,O,#,O
O,O,O,O,O,O,#,O,O,O
O,#,O,#,O,#,#,O,O,O
O,O,O,O,O,O,O,O,O,O

#BeginnerAgent PlayerData: Attempts=1, Backtracks=66, NearSolves=14, Resets=2, TimeTaken=83, SuggestedDifficulty=4
O,O,O,O,O,O,O,O,O,O
O,O,O,#,O,#,O,O,#,O
O,O,O,#,#,#,#,O,#,O
O,O,#,O,O,O,O,O,#,O
O,O,O,#,#,O,#,O,O,O
O,#,O,O,#,#,O,O,#,O
O,O,O,O,#,O,O,O,#,O
S,X,X,X,X,X,X,X,X,E
O,O,O,O,P,O,D,O,#,O
O,O,O,O,O,O,O,O,O,O

#BeginnerAgent PlayerData: Attempts=1, Backtracks=48, NearSolves=6, Resets=2, TimeTaken=79, SuggestedDifficulty=4
O,O,O,O,O,O,O,O,O,O
S,#,#,#,#,#,#,#,#,E
O,#,#,#,#,#,#,#,#,O
O,#,#,#,#,#,#,#,#,O
O,#,#,#,#,#,#,#,#,O
O,#,#,#,#,#,#,#,#,O
O,#,#,#,#,#,#,#,#,O
O,#,#,#,#,#,#,#,#,O
O,#,#,#,#,#,#,#,#,O
O,O,O,O,O,O,O,O,O,O

#BeginnerAgent PlayerData: Attempts=1, Backtracks=216, NearSolves=16, Resets=7, TimeTaken=246, SuggestedDifficulty=4
O,O,O,O,O,O,O,O,O,O
S,#,#,#,#,#,#,#,#,E
O,#,#,#,#,#,#,#,#,O
O,#,#,#,#,#,#,#,#,O
O,#,#,#,#,#,#,#,#,O
O,#,#,#,#,#,#,#,#,O
O,#,#,#,#,#,#,#,#,O
O,#,#,#,#,#,#,#,#,O
O,#,#,#,#,#,#,#,#,O
O,O,O,O,O,O,O,O,O,O

#BeginnerAgent PlayerData: Attempts=1, Backtracks=126, NearSolves=5, Resets=5, TimeTaken=176, SuggestedDifficulty=4
O,O,O,O,O,O,O,O,O,O
S,X,X,X,D,D,#,#,X,E
O,#,P,X,#,X,X,#,X,O
O,X,X,X,#,X,X,#,X,O
O,X,P,#,#,X,X,#,X,O
O,X,X,X,X,X,X,#,X,O
O,#,P,X,X,X,X,#,X,O
O,D,X,X,#,#,#,#,X,O
O,#,X,X,X,X,X,X,X,O
O,O,O,O,O,O,O,O,O,O

#BeginnerAgent PlayerData: Attempts=1, Backtracks=171, NearSolves=25, Resets=6, TimeTaken=207, SuggestedDifficulty=4
O,O,O,O,O,O,O,O,O,O
S,#,#,#,#,#,#,#,#,E
O,#,#,#,#,#,#,#,#,O
O,#,#,#,#,#,#,#,#,O
O,#,#,#,#,#,#,#,#,O
O,#,#,#,#,#,#,#,#,O
O,#,#,#,#,#,#,#,#,O
O,#,#,#,#,#,#,#,#,O
O,#,#,#,#,#,#,#,#,O
O,O,O,O,O,O,O,O,O,O

#BeginnerAgent PlayerData: Attempts=1, Backtracks=241, NearSolves=23, Resets=8, TimeTaken=271, SuggestedDifficulty=4
O,O,O,O,O,O,O,O,O,O
S,#,#,#,#,#,#,#,#,E
O,#,#,#,#,#,#,#,#,O
O,#,#,#,#,#,#,#,#,O
O,#,#,#,#,#,#,#,#,O
O,#,#,#,#,#,#,#,#,O
O,#,#,#,#,#,#,#,#,O
O,#,#,#,#,#,#,#,#,O
O,#,#,#,#,#,#,#,#,O
O,O,O,O,O,O,O,O,O,O

#BeginnerAgent PlayerData: Attempts=1, Backtracks=113, NearSolves=15, Resets=4, TimeTaken=139, SuggestedDifficulty=4
O,O,O,O,O,O,O,O,O,O
S,#,#,#,#,#,#,#,#,E
O,#,#,#,#,#,#,#,#,O
O,#,#,#,#,#,#,#,#,O
O,#,#,#,#,#,#,#,#,O
O,#,#,#,#,#,#,#,#,O
O,#,#,#,#,#,#,#,#,O
O,#,#,#,#,#,#,#,#,O
O,#,#,#,#,#,#,#,#,O
O,O,O,O,O,O,O,O,O,O

#BeginnerAgent PlayerData: Attempts=1, Backtracks=328, NearSolves=13, Resets=11, TimeTaken=370, SuggestedDifficulty=4
O,O,O,O,O,O,O,O,O,O
S,#,#,#,#,#,#,#,#,E
O,#,#,#,#,#,#,#,#,O
O,#,#,#,#,#,#,#,#,O
O,#,#,#,#,#,#,#,#,O
O,#,#,#,#,#,#,#,#,O
O,#,#,#,#,#,#,#,#,O
O,#,#,#,#,#,#,#,#,O
O,#,#,#,#,#,#,#,#,O
O,O,O,O,O,O,O,O,O,O

#BeginnerAgent PlayerData: Attempts=1, Backtracks=200, NearSolves=18, Resets=7, TimeTaken=232, SuggestedDifficulty=4
O,O,O,O,O,O,O,O,O,O
S,#,#,#,#,#,#,#,#,E
O,#,#,#,#,#,#,#,#,O
O,#,#,#,#,#,#,#,#,O
O,#,#,#,#,#,#,#,#,O
O,#,#,#,#,#,#,#,#,O
O,#,#,#,#,#,#,#,#,O
O,#,#,#,#,#,#,#,#,O
O,#,#,#,#,#,#,#,#,O
O,O,O,O,O,O,O,O,O,O

#BeginnerAgent PlayerData: Attempts=1, Backtracks=585, NearSolves=7, Resets=19, TimeTaken=608, SuggestedDifficulty=4
O,O,O,O,O,O,O,O,O,O
O,#,O,O,O,#,O,O,#,O
O,#,#,O,O,O,#,D,X,E
O,P,#,D,O,#,O,X,X,O
S,X,X,X,D,O,#,X,#,O
O,O,X,X,X,X,#,X,#,O
O,O,X,O,X,X,X,X,#,O
O,O,X,X,X,X,X,P,#,O
O,O,P,O,O,P,D,#,O,O
O,O,O,O,O,O,O,O,O,O

#BeginnerAgent PlayerData: Attempts=1, Backtracks=1393, NearSolves=13, Resets=44, TimeTaken=1390, SuggestedDifficulty=4
O,O,O,O,O,O,O,O,O,O
S,X,X,X,D,#,O,#,O,O
O,P,P,X,#,#,O,#,#,O
O,X,X,X,P,#,#,O,O,O
O,X,D,O,X,X,#,O,X,E
O,X,X,X,X,X,#,#,X,O
O,O,D,X,X,X,O,O,X,O
O,#,O,X,X,X,X,X,X,O
O,O,O,O,#,#,O,#,O,O
O,O,O,O,O,O,O,O,O,O

#BeginnerAgent PlayerData: Attempts=1, Backtracks=1674, NearSolves=6, Resets=53, TimeTaken=1668, SuggestedDifficulty=4
O,O,O,O,O,O,O,O,O,O
S,X,X,X,P,#,D,O,O,O
O,O,#,X,X,X,X,X,#,O
O,#,O,D,P,#,P,X,O,O
O,#,D,X,X,X,X,X,#,O
O,O,#,X,X,X,X,P,O,O
O,D,X,X,X,X,X,O,O,O
O,#,X,X,X,X,X,X,X,E
O,O,#,#,#,O,O,O,#,O
O,O,O,O,O,O,O,O,O,O

#BeginnerAgent PlayerData: Attempts=1, Backtracks=0, NearSolves=3, Resets=0, TimeTaken=9, SuggestedDifficulty=6
O,O,O,O,O,O,O,O,O,O
S,#,#,#,#,#,#,#,#,E
O,#,#,#,#,#,#,#,#,O
O,#,#,#,#,#,#,#,#,O
O,#,#,#,#,#,#,#,#,O
O,#,#,#,#,#,#,#,#,O
O,#,#,#,#,#,#,#,#,O
O,#,#,#,#,#,#,#,#,O
O,#,#,#,#,#,#,#,#,O
O,O,O,O,O,O,O,O,O,O

#BeginnerAgent PlayerData: Attempts=1, Backtracks=75, NearSolves=17, Resets=3, TimeTaken=111, SuggestedDifficulty=6
O,O,O,O,O,O,O,O,O,O
O,#,D,X,X,X,X,X,X,O
O,O,X,X,P,#,D,#,X,O
O,O,X,X,X,X,X,P,X,E
S,X,X,X,#,#,X,X,X,O
O,O,P,X,O,D,O,X,X,O
O,O,D,X,X,X,X,X,D,O
O,O,#,#,P,X,X,P,#,O
O,#,O,#,#,P,D,O,#,O
O,O,O,O,O,O,O,O,O,O

#BeginnerAgent PlayerData: Attempts=1, Backtracks=207, NearSolves=12, Resets=7, TimeTaken=244, SuggestedDifficulty=6
O,O,O,O,O,O,O,O,O,O
O,#,#,#,X,X,X,X,X,O
O,#,#,X,X,D,#,#,X,O
O,O,O,X,P,X,X,X,X,E
O,O,#,X,X,X,P,X,#,O
S,X,P,X,X,X,X,X,#,O
O,X,#,X,X,X,X,X,X,O
O,X,X,X,D,D,#,P,X,O
O,D,#,X,X,X,X,X,X,O
O,O,O,O,O,O,O,O,O,O

#BeginnerAgent PlayerData: Attempts=1, Backtracks=64, NearSolves=8, Resets=2, TimeTaken=87, SuggestedDifficulty=6
O,O,O,O,O,O,O,O,O,O
S,X,X,P,O,O,P,#,#,O
O,#,X,X,X,X,X,X,X,O
O,O,#,D,P,X,X,#,X,O
O,O,#,D,X,X,X,#,X,O
O,O,X,X,X,O,X,X,X,E
O,O,X,P,O,O,D,X,D,O
O,#,X,X,X,X,X,X,#,O
O,O,#,#,#,P,X,X,D,O
O,O,O,O,O,O,O,O,O,O

#BeginnerAgent PlayerData: Attempts=1, Backtracks=203, NearSolves=7, Resets=7, TimeTaken=238, SuggestedDifficulty=6
O,O,O,O,O,O,O,O,O,O
S,X,X,X,X,X,X,#,X,E
O,#,#,#,P,X,X,#,X,O
O,O,X,X,X,X,D,#,X,O
O,X,X,P,#,#,#,X,X,O
O,X,D,#,#,#,#,X,D,O
O,X,X,P,O,#,#,X,X,O
O,#,X,X,X,X,X,X,X,O
O,#,#,#,#,#,#,#,#,O
O,O,O,O,O,O,O,O,O,O

#BeginnerAgent PlayerData: Attempts=1, Backtracks=2, NearSolves=6, Resets=0, TimeTaken=13, SuggestedDifficulty=6
O,O,O,O,O,O,O,O,O,O
S,X,X,X,X,#,D,D,X,E
O,#,#,#,X,#,X,X,X,O
O,#,#,#,X,#,X,X,X,O
O,#,D,O,X,X,X,X,X,O
O,X,X,#,P,X,X,X,X,O
O,X,X,X,X,X,X,X,X,O
O,X,P,#,#,#,X,P,#,O
O,X,X,X,X,X,X,#,#,O
O,O,O,O,O,O,O,O,O,O

#BeginnerAgent PlayerData: Attempts=1, Backtracks=485, NearSolves=11, Resets=16, TimeTaken=521, SuggestedDifficulty=6
O,O,O,O,O,O,O,O,O,O
S,X,X,X,X,X,O,#,X,E
O,#,#,#,#,X,X,X,X,O
O,D,X,X,X,X,X,X,X,O
O,#,X,X,X,X,O,P,X,O
O,#,#,#,X,X,O,X,X,O
O,#,#,#,X,P,#,X,O,O
O,#,#,#,X,D,#,X,#,O
O,#,#,#,X,X,X,X,#,O
O,O,O,O,O,O,O,O,O,O

#BeginnerAgent PlayerData: Attempts=1, Backtracks=7, NearSolves=3, Resets=0, TimeTaken=21, SuggestedDifficulty=6
O,O,O,O,O,O,O,O,O,O
S,X,#,#,#,#,#,O,X,E
O,X,#,D,X,X,X,#,X,O
O,X,D,X,X,P,X,#,X,O
O,X,P,X,O,P,X,#,X,O
O,X,X,X,X,X,X,#,X,O
O,#,X,X,X,#,#,#,X,O
O,#,X,X,X,X,X,X,X,O
O,#,D,#,#,#,#,#,#,O
O,O,O,O,O,O,O,O,O,O

#BeginnerAgent PlayerData: Attempts=1, Backtracks=671, NearSolves=27, Resets=22, TimeTaken=703, SuggestedDifficulty=6
O,O,O,O,O,O,O,O,O,O
S,X,X,#,#,X,X,X,X,E
O,#,X,#,#,X,O,X,X,O
O,#,X,#,#,X,O,X,X,O
O,#,X,#,#,X,O,X,X,O
O,#,X,X,X,X,P,X,X,O
O,#,P,X,X,O,X,X,X,O
O,#,#,D,D,X,X,#,X,O
O,#,#,#,#,X,X,X,X,O
O,O,O,O,O,O,O,O,O,O

#BeginnerAgent PlayerData: Attempts=1, Backtracks=94, NearSolves=11, Resets=3, TimeTaken=122, SuggestedDifficulty=6
O,O,O,O,O,O,O,O,O,O
S,#,#,#,#,#,#,#,#,E
O,#,#,#,#,#,#,#,#,O
O,#,#,#,#,#,#,#,#,O
O,#,#,#,#,#,#,#,#,O
O,#,#,#,#,#,#,#,#,O
O,#,#,#,#,#,#,#,#,O
O,#,#,#,#,#,#,#,#,O
O,#,#,#,#,#,#,#,#,O
O,O,O,O,O,O,O,O,O,O

#BeginnerAgent PlayerData: Attempts=1, Backtracks=39, NearSolves=7, Resets=1, TimeTaken=59, SuggestedDifficulty=6
O,O,O,O,O,O,O,O,O,O
S,X,O,#,O,#,D,O,O,O
O,X,X,X,X,X,X,O,O,O
O,P,O,#,O,P,X,X,#,O
O,X,X,X,X,X,D,X,X,E
O,X,P,O,D,X,X,X,X,O
O,X,X,P,O,P,#,#,X,O
O,#,X,X,X,X,X,X,X,O
O,O,D,#,#,#,#,D,#,O
O,O,O,O,O,O,O,O,O,O

#BeginnerAgent PlayerData: Attempts=1, Backtracks=36, NearSolves=14, Resets=1, TimeTaken=56, SuggestedDifficulty=6
O,O,O,O,O,O,O,O,O,O
S,X,X,X,X,X,#,#,X,E
O,#,X,X,X,X,#,#,X,O
O,#,X,D,O,P,#,#,X,O
O,#,X,X,X,X,X,X,X,O
O,#,#,#,#,P,O,X,X,O
O,D,X,X,X,X,X,X,X,O
O,#,X,X,X,X,X,X,X,O
O,#,#,#,#,#,#,#,#,O
O,O,O,O,O,O,O,O,O,O

#BeginnerAgent PlayerData: Attempts=1, Backtracks=154, NearSolves=3, Resets=5, TimeTaken=179, SuggestedDifficulty=6
O,O,O,O,O,O,O,O,O,O
O,O,O,X,X,X,X,X,X,O
O,O,#,X,D,O,O,#,X,O
O,#,O,X,X,X,O,O,X,O
O,X,X,X,X,X,#,#,X,O
S,X,P,D,X,X,O,#,X,O
O,O,#,P,X,X,X,O,X,E
O,#,#,D,X,X,X,P,#,O
O,O,O,O,#,O,#,#,O,O
O,O,O,O,O,O,O,O,O,O

#BeginnerAgent PlayerData: Attempts=1, Backtracks=291, NearSolves=21, Resets=9, TimeTaken=308, SuggestedDifficulty=6
O,O,O,O,O,O,O,O,O,O
O,O,O,O,O,O,#,#,O,O
O,O,O,#,O,#,O,O,#,O
O,O,#,O,P,#,D,X,X,E
O,#,#,O,X,X,X,X,P,O
S,X,X,O,X,D,O,O,#,O
O,P,X,X,X,#,O,O,#,O
O,O,D,O,O,#,O,O,O,O
O,O,O,O,O,O,O,O,O,O
O,O,O,O,O,O,O,O,O,O

#BeginnerAgent PlayerData: Attempts=1, Backtracks=30, NearSolves=3, Resets=1, TimeTaken=51, SuggestedDifficulty=6
O,O,O,O,O,O,O,O,O,O
O,P,O,O,#,#,O,P,D,O
S,X,D,#,P,#,X,X,X,O
O,X,X,X,X,X,X,D,X,O
O,O,#,#,#,O,O,X,X,O
O,#,#,D,X,X,X,X,X,E
O,X,X,X,X,P,O,P,X,O
O,X,D,O,#,#,#,O,X,O
O,X,X,X,X,X,X,X,X,O
O,O,O,O,O,O,O,O,O,O

#BeginnerAgent PlayerData: Attempts=1, Backtracks=87, NearSolves=4, Resets=3, TimeTaken=122, SuggestedDifficulty=6
O,O,O,O,O,O,O,O,O,O
O,X,X,X,X,X,X,X,X,E
O,X,X,X,X,#,O,O,O,O
O,X,X,P,X,X,D,O,O,O
O,X,X,X,D,X,X,#,O,O
O,X,X,X,#,#,X,O,#,O
O,P,#,#,O,O,X,X,#,O
S,X,X,X,D,#,P,X,O,O
O,O,O,X,X,X,X,X,#,O
O,O,O,O,O,O,O,O,O,O

#BeginnerAgent PlayerData: Attempts=1, Backtracks=13, NearSolves=9, Resets=0, TimeTaken=30, SuggestedDifficulty=6
O,O,O,O,O,O,O,O,O,O
O,O,O,O,#,O,#,O,#,O
S,X,X,D,#,D,X,X,X,O
O,#,X,X,X,X,X,X,X,E
O,#,X,X,X,X,D,X,X,O
O,O,P,O,X,P,X,X,X,O
O,O,#,#,X,X,X,X,X,O
O,P,X,X,X,X,X,X,X,O
O,O,X,X,X,X,X,X,X,O
O,O,O,O,O,O,O,O,O,O

#BeginnerAgent PlayerData: Attempts=1, Backtracks=1031, NearSolves=28, Resets=33, TimeTaken=1050, SuggestedDifficulty=6
O,O,O,O,O,O,O,O,O,O
O,X,X,X,X,X,X,P,O,O
O,X,P,D,#,O,X,X,O,O
O,X,X,X,#,O,D,X,O,O
O,D,O,X,#,X,X,X,O,O
O,X,X,X,P,X,O,#,X,E
O,X,#,P,X,X,O,#,X,O
S,X,P,O,X,D,O,X,X,O
O,O,#,O,X,X,X,X,D,O
O,O,O,O,O,O,O,O,O,O

#BeginnerAgent PlayerData: Attempts=1, Backtracks=748, NearSolves=3, Resets=24, TimeTaken=768, SuggestedDifficulty=6
O,O,O,O,O,O,O,O,O,O
O,O,X,X,X,X,X,X,D,O
O,X,X,D,O,O,X,X,O,O
O,X,P,X,X,X,X,O,X,E
O,X,X,X,P,X,X,O,X,O
O,O,#,D,X,X,X,O,X,O
O,O,O,X,X,#,X,X,X,O
O,O,X,X,O,O,P,#,D,O
S,X,X,P,#,O,O,O,#,O
O,O,O,O,O,O,O,O,O,O

#BeginnerAgent PlayerData: Attempts=1, Backtracks=2084, NearSolves=13, Resets=66, TimeTaken=2073, SuggestedDifficulty=6
O,O,O,O,O,O,O,O,O,O
O,#,X,X,X,X,O,O,#,O
O,X,X,P,#,X,X,O,X,E
O,X,X,X,#,P,X,O,X,O
O,X,X,X,X,X,X,O,X,O
O,X,X,D,X,X,O,P,X,O
O,O,P,#,X,X,X,X,X,O
O,X,X,X,X,D,X,X,X,O
S,X,D,X,X,D,X,X,X,O
O,O,O,O,O,O,O,O,O,O

#BeginnerAgent PlayerData: Attempts=1, Backtracks=27, NearSolves=3, Resets=1, TimeTaken=55, SuggestedDifficulty=6
O,O,O,O,O,O,O,O,O,O
O,#,#,O,D,O,O,#,D,O
S,X,X,O,X,X,X,X,X,O
O,#,X,D,X,X,#,X,X,E
O,O,X,X,X,X,X,X,X,O
O,D,X,X,X,X,X,X,P,O
O,O,#,P,P,X,D,X,P,O
O,#,O,O,#,X,X,X,#,O
O,O,#,#,#,#,P,X,O,O
O,O,O,O,O,O,O,O,O,O

#BeginnerAgent PlayerData: Attempts=1, Backtracks=1631, NearSolves=21, Resets=52, TimeTaken=1637, SuggestedDifficulty=6
O,O,O,O,O,O,O,O,O,O
O,P,D,D,#,#,X,D,O,O
S,X,X,X,X,X,X,P,O,O
O,D,X,X,#,#,X,X,O,O
O,#,P,X,X,O,#,X,#,O
O,#,P,D,X,X,X,X,D,O
O,O,X,X,X,X,#,X,P,O
O,P,X,D,X,P,#,X,X,O
O,X,X,X,X,#,O,#,X,E
O,O,O,O,O,O,O,O,O,O

#BeginnerAgent PlayerData: Attempts=1, Backtracks=51, NearSolves=8, Resets=2, TimeTaken=87, SuggestedDifficulty=6
O,O,O,O,O,O,O,O,O,O
O,O,#,#,#,D,#,D,X,E
O,P,X,X,X,X,D,X,X,O
O,P,X,P,P,X,X,X,X,O
O,D,X,P,X,X,X,X,X,O
S,X,X,X,X,P,X,#,#,O
O,P,X,X,D,X,X,D,P,O
O,#,X,X,D,X,X,X,X,O
O,#,D,X,X,X,O,#,#,O
O,O,O,O,O,O,O,O,O,O

#BeginnerAgent PlayerData: Attempts=1, Backtracks=390, NearSolves=26, Resets=13, TimeTaken=428, SuggestedDifficulty=6
O,O,O,O,O,O,O,O,O,O
S,X,P,#,#,P,P,D,X,E
O,X,X,#,X,X,X,X,X,O
O,#,X,X,X,P,D,X,P,O
O,#,D,#,X,X,X,X,X,O
O,X,X,X,X,X,P,X,X,O
O,P,D,P,X,D,D,X,X,O
O,D,P,D,X,X,X,X,D,O
O,X,X,X,X,P,#,D,#,O
O,O,O,O,O,O,O,O,O,O

#BeginnerAgent PlayerData: Attempts=1, Backtracks=8, NearSolves=7, Resets=0, TimeTaken=28, SuggestedDifficulty=6
O,O,O,O,O,O,O,O,O,O
S,X,X,D,#,X,X,X,X,O
O,P,X,#,D,X,X,D,X,E
O,X,X,X,X,X,X,D,D,O
O,X,D,D,X,X,P,P,#,O
O,X,P,X,X,X,X,X,P,O
O,X,D,D,X,D,D,X,P,O
O,X,P,#,X,P,#,X,X,O
O,X,X,P,X,P,#,#,P,O
O,O,O,O,O,O,O,O,O,O

#BeginnerAgent PlayerData: Attempts=1, Backtracks=82, NearSolves=13, Resets=3, TimeTaken=121, SuggestedDifficulty=6
O,O,O,O,O,O,O,O,O,O
O,#,#,#,#,#,D,P,O,O
O,O,O,O,#,#,X,X,X,O
O,O,O,D,X,X,X,P,X,O
S,X,X,X,X,O,O,X,X,O
O,#,#,P,X,X,X,X,X,E
O,#,X,X,X,O,O,D,X,O
O,#,X,X,X,X,X,X,X,O
O,#,P,O,D,O,#,O,O,O
O,O,O,O,O,O,O,O,O,O

#BeginnerAgent PlayerData: Attempts=1, Backtracks=250, NearSolves=4, Resets=8, TimeTaken=272, SuggestedDifficulty=6
O,O,O,O,O,O,O,O,O,O
O,O,#,#,P,O,D,#,#,O
O,#,P,D,X,X,X,O,O,O
O,P,X,X,X,X,X,O,#,O
O,X,X,D,#,X,D,#,X,E
O,X,#,#,#,X,X,X,X,O
O,X,O,D,X,X,X,X,X,O
S,X,#,O,X,P,O,P,X,O
O,O,O,O,X,X,X,X,X,O
O,O,O,O,O,O,O,O,O,O

#BeginnerAgent PlayerData: Attempts=1, Backtracks=52, NearSolves=5, Resets=2, TimeTaken=77, SuggestedDifficulty=6
O,O,O,O,O,O,O,O,O,O
O,#,O,O,D,#,#,O,#,O
O,O,#,O,X,X,X,O,O,O
S,X,X,O,X,X,X,O,#,O
O,#,X,X,X,X,X,#,#,O
O,O,P,X,X,X,X,#,X,E
O,X,X,X,D,X,X,O,X,O
O,X,P,O,X,X,X,X,X,O
O,X,X,X,X,P,X,X,D,O
O,O,O,O,O,O,O,O,O,O

#BeginnerAgent PlayerData: Attempts=1, Backtracks=361, NearSolves=15, Resets=12, TimeTaken=400, SuggestedDifficulty=6
O,O,O,O,O,O,O,O,O,O
O,O,#,X,X,X,X,X,X,O
O,#,X,X,P,X,X,X,X,E
O,#,X,X,X,X,P,X,X,O
O,O,D,O,O,X,X,X,X,O
S,X,D,#,#,X,D,#,D,O
O,X,X,O,O,X,X,X,X,O
O,P,X,X,D,O,#,P,X,O
O,#,P,X,X,X,X,X,X,O
O,O,O,O,O,O,O,O,O,O

#BeginnerAgent PlayerData: Attempts=1, Backtracks=32, NearSolves=3, Resets=1, TimeTaken=54, SuggestedDifficulty=6
O,O,O,O,O,O,O,O,O,O
O,O,X,X,X,X,X,X,X,O
O,D,X,X,X,X,X,#,X,O
O,X,X,X,X,X,X,P,X,O
O,X,X,X,X,X,X,X,X,O
O,D,O,P,X,X,#,X,X,O
S,X,X,X,X,X,#,X,X,E
O,O,#,O,P,X,X,X,O,O
O,O,#,#,#,D,X,X,O,O
O,O,O,O,O,O,O,O,O,O

#BeginnerAgent PlayerData: Attempts=1, Backtracks=51, NearSolves=6, Resets=2, TimeTaken=77, SuggestedDifficulty=6
O,O,O,O,O,O,O,O,O,O
O,O,P,X,X,X,X,X,D,O
O,D,X,X,O,D,P,X,X,O
O,P,X,O,O,O,#,#,X,O
O,X,X,P,O,#,D,X,X,O
S,X,X,X,X,X,D,X,P,O
O,X,X,D,O,X,P,X,#,O
O,X,X,X,X,X,X,X,X,E
O,P,D,#,X,X,X,X,X,O
O,O,O,O,O,O,O,O,O,O

#BeginnerAgent PlayerData: Attempts=1, Backtracks=225, NearSolves=3, Resets=8, TimeTaken=263, SuggestedDifficulty=6
O,O,O,O,O,O,O,O,O,O
S,#,#,#,#,#,#,#,#,E
O,#,#,#,#,#,#,#,#,O
O,#,#,#,#,#,#,#,#,O
O,#,#,#,#,#,#,#,#,O
O,#,#,#,#,#,#,#,#,O
O,#,#,#,#,#,#,#,#,O
O,#,#,#,#,#,#,#,#,O
O,#,#,#,#,#,#,#,#,O
O,O,O,O,O,O,O,O,O,O

#BeginnerAgent PlayerData: Attempts=1, Backtracks=508, NearSolves=27, Resets=17, TimeTaken=544, SuggestedDifficulty=6
O,O,O,O,O,O,O,O,O,O
S,#,#,#,#,#,#,#,#,E
O,#,#,#,#,#,#,#,#,O
O,#,#,#,#,#,#,#,#,O
O,#,#,#,#,#,#,#,#,O
O,#,#,#,#,#,#,#,#,O
O,#,#,#,#,#,#,#,#,O
O,#,#,#,#,#,#,#,#,O
O,#,#,#,#,#,#,#,#,O
O,O,O,O,O,O,O,O,O,O

#BeginnerAgent PlayerData: Attempts=1, Backtracks=6, NearSolves=5, Resets=0, TimeTaken=25, SuggestedDifficulty=6
O,O,O,O,O,O,O,O,O,O
S,#,#,#,#,#,#,#,#,E
O,#,#,#,#,#,#,#,#,O
O,#,#,#,#,#,#,#,#,O
O,#,#,#,#,#,#,#,#,O
O,#,#,#,#,#,#,#,#,O
O,#,#,#,#,#,#,#,#,O
O,#,#,#,#,#,#,#,#,O
O,#,#,#,#,#,#,#,#,O
O,O,O,O,O,O,O,O,O,O

#BeginnerAgent PlayerData: Attempts=1, Backtracks=5119, NearSolves=7, Resets=161, TimeTaken=5001, SuggestedDifficulty=6
O,O,O,O,O,O,O,O,O,O
O,#,O,O,O,#,O,X,X,E
O,#,O,O,O,X,X,X,D,O
O,#,X,X,X,X,D,#,O,O
O,#,X,X,X,X,X,O,#,O
O,O,P,O,X,X,X,#,O,O
O,O,#,P,X,X,X,#,#,O
O,O,O,X,X,X,X,O,O,O
S,X,X,X,P,#,D,#,O,O
O,O,O,O,O,O,O,O,O,O

#BeginnerAgent PlayerData: Attempts=1, Backtracks=1870, NearSolves=4, Resets=59, TimeTaken=1859, SuggestedDifficulty=6
O,O,O,O,O,O,O,O,O,O
O,O,O,O,O,O,X,X,X,E
O,O,O,#,#,#,X,P,O,O
O,D,O,#,#,D,X,X,O,O
O,X,X,X,D,X,X,X,O,O
O,X,O,X,X,X,X,X,X,O
O,X,#,#,O,P,X,D,X,O
O,X,O,O,O,P,X,X,X,O
S,X,P,#,#,#,#,#,#,O
O,O,O,O,O,O,O,O,O,O

#BeginnerAgent PlayerData: Attempts=1, Backtracks=131, NearSolves=5, Resets=4, TimeTaken=154, SuggestedDifficulty=6
O,O,O,O,O,O,O,O,O,O
O,O,O,O,O,O,O,P,O,O
O,O,#,P,O,O,#,X,X,O
S,X,X,X,X,X,X,X,X,O
O,O,O,O,O,D,X,X,X,O
O,O,O,O,O,#,X,O,O,O
O,O,#,#,O,O,X,O,#,O
O,#,O,O,#,O,X,X,X,O
O,#,#,#,O,#,D,#,X,E
O,O,O,O,O,O,O,O,O,O

#BeginnerAgent PlayerData: Attempts=1, Backtracks=103, NearSolves=7, Resets=4, TimeTaken=146, SuggestedDifficulty=6
O,O,O,O,O,O,O,O,O,O
O,O,#,O,O,P,O,O,P,O
O,O,#,#,#,X,X,X,X,O
S,X,P,#,P,X,X,D,X,O
O,X,#,O,X,X,X,X,X,O
O,X,O,X,X,O,D,X,#,O
O,X,X,X,D,X,X,X,X,E
O,D,O,P,#,X,D,#,X,O
O,#,#,O,#,X,X,X,X,O
O,O,O,O,O,O,O,O,O,O

#BeginnerAgent PlayerData: Attempts=1, Backtracks=5, NearSolves=3, Resets=0, TimeTaken=17, SuggestedDifficulty=6
O,O,O,O,O,O,O,O,O,O
S,X,#,X,X,X,P,#,O,O
O,X,X,X,D,X,X,X,D,O
O,P,O,#,#,X,X,X,X,E
O,#,O,O,O,X,X,#,X,O
O,P,#,O,#,P,X,O,X,O
O,X,X,X,X,X,X,#,X,O
O,X,D,#,P,O,D,X,X,O
O,X,X,X,X,X,X,X,D,O
O,O,O,O,O,O,O,O,O,O

#BeginnerAgent PlayerData: Attempts=1, Backtracks=674, NearSolves=12, Resets=22, TimeTaken=709, SuggestedDifficulty=6
O,O,O,O,O,O,O,O,O,O
O,X,X,X,X,X,X,D,#,O
O,X,D,#,O,#,X,X,X,O
O,X,X,X,X,P,X,X,X,O
O,#,#,D,X,X,X,X,X,O
O,O,P,#,P,X,X,X,X,O
O,X,X,X,X,X,X,X,X,O
O,X,D,X,X,O,X,X,X,O
S,X,O,#,O,#,P,O,X,E
O,O,O,O,O,O,O,O,O,O

#BeginnerAgent PlayerData: Attempts=1, Backtracks=583, NearSolves=11, Resets=19, TimeTaken=609, SuggestedDifficulty=6
O,O,O,O,O,O,O,O,O,O
O,#,#,D,X,X,X,X,X,O
O,X,X,X,X,D,O,O,X,E
S,X,P,X,X,X,P,#,O,O
O,O,#,X,X,X,X,D,O,O
O,#,O,P,X,O,X,X,#,O
O,P,X,X,X,O,O,X,X,O
O,O,X,D,X,X,X,D,X,O
O,#,X,X,X,P,X,X,X,O
O,O,O,O,O,O,O,O,O,O

#BeginnerAgent PlayerData: Attempts=1, Backtracks=5129, NearSolves=0, Resets=161, TimeTaken=5001, SuggestedDifficulty=6
O,O,O,O,O,O,O,O,O,O
O,O,#,X,X,X,D,X,X,O
O,O,X,X,D,X,X,X,X,O
S,X,X,P,#,O,P,X,X,O
O,O,O,O,O,O,O,X,#,O
O,X,X,X,#,D,X,X,O,O
O,X,D,X,X,X,X,P,O,O
O,X,X,P,#,O,O,O,O,O
O,O,X,X,X,X,X,X,X,E
O,O,O,O,O,O,O,O,O,O

#BeginnerAgent PlayerData: Attempts=1, Backtracks=5133, NearSolves=1, Resets=161, TimeTaken=5001, SuggestedDifficulty=6
O,O,O,O,O,O,O,O,O,O
O,O,O,O,#,O,#,O,X,E
O,O,O,O,#,#,O,#,X,O
O,#,O,#,O,#,O,#,X,O
O,P,O,O,D,#,O,O,X,O
O,X,X,X,X,X,X,O,X,O
O,X,#,O,O,O,X,O,X,O
S,X,O,#,O,#,X,X,X,O
O,O,O,O,O,O,P,O,D,O
O,O,O,O,O,O,O,O,O,O

#BeginnerAgent PlayerData: Attempts=1, Backtracks=468, NearSolves=5, Resets=15, TimeTaken=495, SuggestedDifficulty=6
O,O,O,O,O,O,O,O,O,O
O,X,X,X,X,P,#,O,X,E
O,X,D,#,X,X,X,X,X,O
O,X,X,P,#,#,#,#,D,O
O,#,X,X,X,D,X,X,X,O
O,#,O,P,X,X,X,D,X,O
O,O,#,#,D,#,P,X,X,O
O,X,X,X,X,P,X,X,O,O
S,X,P,O,X,X,X,D,#,O
O,O,O,O,O,O,O,O,O,O

#BeginnerAgent PlayerData: Attempts=1, Backtracks=132, NearSolves=15, Resets=5, TimeTaken=172, SuggestedDifficulty=6
O,O,O,O,O,O,O,O,O,O
S,X,D,#,X,X,X,#,#,O
O,X,X,X,X,P,X,O,#,O
O,X,X,#,P,X,X,#,X,E
O,P,#,X,X,X,#,X,X,O
O,X,X,X,O,D,#,X,P,O
O,X,X,D,O,O,D,X,X,O
O,P,X,X,X,X,X,D,X,O
O,O,#,D,O,P,X,X,X,O
O,O,O,O,O,O,O,O,O,O

#BeginnerAgent PlayerData: Attempts=1, Backtracks=75, NearSolves=3, Resets=3, TimeTaken=111, SuggestedDifficulty=6
O,O,O,O,O,O,O,O,O,O
S,X,O,X,X,X,X,X,O,O
O,X,D,X,D,#,P,X,#,O
O,X,X,X,X,X,X,X,#,O
O,O,P,#,X,X,X,X,P,O
O,O,O,#,#,D,X,X,O,O
O,X,X,X,D,X,X,#,X,E
O,X,P,X,X,X,#,O,X,O
O,X,X,X,X,X,X,X,X,O
O,O,O,O,O,O,O,O,O,O

#BeginnerAgent PlayerData: Attempts=1, Backtracks=2, NearSolves=3, Resets=0, TimeTaken=13, SuggestedDifficulty=6
O,O,O,O,O,O,O,O,O,O
O,#,O,O,D,O,O,#,#,O
O,D,O,X,X,X,O,D,O,O
O,X,X,X,P,X,X,X,X,O
O,X,P,#,O,P,O,X,X,O
O,X,X,X,X,#,X,X,P,O
S,X,X,P,X,#,X,D,X,E
O,O,X,X,X,O,X,X,X,O
O,#,O,D,O,O,P,O,D,O
O,O,O,O,O,O,O,O,O,O

#BeginnerAgent PlayerData: Attempts=1, Backtracks=2837, NearSolves=7, Resets=89, TimeTaken=2786, SuggestedDifficulty=6
O,O,O,O,O,O,O,O,O,O
O,O,X,X,X,X,D,O,#,O
O,X,X,D,O,X,X,D,O,O
O,X,X,X,P,O,X,X,P,O
O,P,O,X,X,X,P,X,X,O
O,O,O,O,D,X,O,O,X,O
O,#,P,#,X,X,O,X,X,O
O,#,X,X,X,O,O,X,D,O
S,X,X,O,O,O,#,X,X,E
O,O,O,O,O,O,O,O,O,O

#BeginnerAgent PlayerData: Attempts=1, Backtracks=178, NearSolves=12, Resets=6, TimeTaken=206, SuggestedDifficulty=6
O,O,O,O,O,O,O,O,O,O
O,O,#,D,#,P,X,X,X,O
O,O,X,X,X,X,X,P,X,O
O,O,X,P,O,O,D,X,X,O
O,D,X,X,O,O,X,X,X,E
S,X,P,X,X,X,X,#,X,O
O,X,X,X,X,O,D,#,X,O
O,P,X,X,X,O,O,D,X,O
O,#,X,X,X,X,X,X,X,O
O,O,O,O,O,O,O,O,O,O

#BeginnerAgent PlayerData: Attempts=1, Backtracks=10, NearSolves=4, Resets=0, TimeTaken=25, SuggestedDifficulty=6
O,O,O,O,O,O,O,O,O,O
O,#,#,P,#,#,D,#,#,O
O,O,X,X,X,D,X,X,P,O
S,X,X,D,X,X,X,X,X,E
O,O,O,#,X,X,P,X,X,O
O,O,#,O,P,#,X,X,X,O
O,#,X,X,X,X,X,#,X,O
O,O,X,P,O,#,D,X,X,O
O,#,X,X,X,X,X,X,D,O
O,O,O,O,O,O,O,O,O,O

#BeginnerAgent PlayerData: Attempts=1, Backtracks=559, NearSolves=7, Resets=18, TimeTaken=588, SuggestedDifficulty=6
O,O,O,O,O,O,O,O,O,O
O,P,O,O,X,X,X,X,D,O
O,X,X,X,X,D,#,X,X,E
O,X,X,P,X,X,O,D,#,O
O,D,X,X,X,X,X,X,X,O
O,#,#,#,#,P,O,P,X,O
O,O,P,#,O,#,O,X,X,O
S,X,X,#,#,P,#,X,#,O
O,D,X,X,X,X,X,X,D,O
O,O,O,O,O,O,O,O,O,O

#BeginnerAgent PlayerData: Attempts=1, Backtracks=5118, NearSolves=0, Resets=161, TimeTaken=5001, SuggestedDifficulty=6
O,O,O,O,O,O,O,O,O,O
S,X,X,X,P,O,D,#,#,O
O,O,O,X,X,X,X,O,#,O
O,#,#,O,#,#,X,X,X,O
O,O,#,X,X,X,P,X,X,O
O,P,P,X,P,X,X,X,D,O
O,X,X,X,X,D,#,O,O,O
O,X,X,X,X,#,O,X,X,E
O,X,X,X,X,X,X,X,D,O
O,O,O,O,O,O,O,O,O,O

#BeginnerAgent PlayerData: Attempts=1, Backtracks=1675, NearSolves=17, Resets=53, TimeTaken=1670, SuggestedDifficulty=6
O,O,O,O,O,O,O,O,O,O
S,X,X,P,#,O,X,X,X,O
O,#,X,X,X,X,X,P,X,O
O,O,O,#,X,X,D,X,X,O
O,O,O,#,D,X,X,X,#,O
O,D,O,O,#,X,X,X,D,O
O,X,X,X,X,P,X,X,O,O
O,X,X,P,X,X,X,#,X,E
O,#,X,X,X,X,X,X,X,O
O,O,O,O,O,O,O,O,O,O

#BeginnerAgent PlayerData: Attempts=1, Backtracks=0, NearSolves=3, Resets=0, TimeTaken=11, SuggestedDifficulty=6
O,O,O,O,O,O,O,O,O,O
S,X,X,P,#,O,X,X,X,E
O,O,X,X,X,D,X,X,P,O
O,#,O,D,X,#,D,X,X,O
O,P,X,X,X,O,X,X,X,O
O,X,X,O,O,D,X,X,X,O
O,X,D,#,#,X,X,X,X,O
O,X,X,D,X,X,O,O,P,O
O,P,X,X,X,P,O,#,#,O
O,O,O,O,O,O,O,O,O,O

#BeginnerAgent PlayerData: Attempts=1, Backtracks=209, NearSolves=11, Resets=7, TimeTaken=243, SuggestedDifficulty=6
O,O,O,O,O,O,O,O,O,O
O,O,O,X,X,X,X,X,X,O
O,O,D,X,X,P,O,P,X,E
O,O,#,P,X,X,X,X,D,O
O,P,O,X,X,#,D,X,X,O
S,X,X,X,X,O,X,X,X,O
O,X,X,D,X,D,X,X,P,O
O,D,O,#,X,X,P,X,O,O
O,#,#,O,O,X,X,X,O,O
O,O,O,O,O,O,O,O,O,O

#BeginnerAgent PlayerData: Attempts=1, Backtracks=35, NearSolves=5, Resets=1, TimeTaken=50, SuggestedDifficulty=6
O,O,O,O,O,O,O,O,O,O
S,#,#,#,O,O,O,X,X,E
O,O,#,#,#,#,P,X,P,O
O,#,P,#,#,#,#,X,#,O
O,P,O,O,#,O,#,X,#,O
O,O,O,#,P,#,#,X,#,O
O,O,O,O,P,#,#,X,#,O
O,O,P,O,X,X,X,X,#,O
S,X,X,X,X,P,P,D,P,O
O,O,O,O,O,O,O,O,O,O

#BeginnerAgent PlayerData: Attempts=1, Backtracks=10, NearSolves=5, Resets=0, TimeTaken=22, SuggestedDifficulty=6
O,O,O,O,O,O,O,O,O,O
O,#,O,O,D,X,X,D,O,O
O,O,O,X,X,X,X,X,X,O
O,D,X,X,P,O,X,X,X,O
O,X,X,D,#,#,P,X,X,O
O,X,P,O,X,X,X,X,O,O
O,X,X,#,X,D,O,P,O,O
O,P,X,#,X,X,D,X,X,E
S,X,X,O,O,X,X,X,P,O
O,O,O,O,O,O,O,O,O,O

#BeginnerAgent PlayerData: Attempts=1, Backtracks=128, NearSolves=4, Resets=4, TimeTaken=150, SuggestedDifficulty=6
O,O,O,O,O,O,O,O,O,O
O,X,X,X,D,O,O,#,P,O
O,X,P,X,X,X,X,X,X,O
O,X,X,D,O,D,O,#,X,O
O,P,X,X,X,X,#,P,X,O
O,X,X,P,O,X,X,X,X,E
S,X,X,O,O,D,O,X,O,O
O,D,X,X,X,X,X,X,#,O
O,O,O,P,#,P,X,X,D,O
O,O,O,O,O,O,O,O,O,O

#BeginnerAgent PlayerData: Attempts=1, Backtracks=4, NearSolves=4, Resets=0, TimeTaken=19, SuggestedDifficulty=6
O,O,O,O,O,O,O,O,O,O
S,X,X,X,O,O,O,X,X,E
O,#,P,X,O,P,#,X,D,O
O,X,X,X,X,X,X,X,X,O
O,X,D,X,X,D,X,X,X,O
O,X,X,X,P,#,P,X,X,O
O,O,X,X,X,X,X,X,X,O
O,O,X,X,X,X,D,#,X,O
O,O,D,#,P,X,X,X,X,O
O,O,O,O,O,O,O,O,O,O

#BeginnerAgent PlayerData: Attempts=1, Backtracks=1669, NearSolves=9, Resets=53, TimeTaken=1672, SuggestedDifficulty=6
O,O,O,O,O,O,O,O,O,O
O,#,O,X,X,X,D,O,X,E
O,D,X,X,P,X,#,O,X,O
S,X,X,P,#,X,X,O,X,O
O,#,#,O,#,P,X,O,X,O
O,D,X,X,X,X,X,#,X,O
O,O,X,X,P,#,D,X,X,O
O,#,P,X,X,X,X,X,D,O
O,#,#,O,D,#,P,O,#,O
O,O,O,O,O,O,O,O,O,O

#BeginnerAgent PlayerData: Attempts=1, Backtracks=510, NearSolves=6, Resets=17, TimeTaken=548, SuggestedDifficulty=6
O,O,O,O,O,O,O,O,O,O
O,X,X,X,X,X,X,X,X,E
O,X,P,O,#,P,#,O,D,O
O,X,X,X,X,X,D,#,O,O
O,#,O,O,D,X,X,X,D,O
S,X,X,D,#,#,P,X,X,O
O,#,X,X,P,#,O,O,X,O
O,#,P,X,X,D,#,P,X,O
O,#,O,#,X,X,X,X,X,O
O,O,O,O,O,O,O,O,O,O

#BeginnerAgent PlayerData: Attempts=1, Backtracks=227, NearSolves=23, Resets=8, TimeTaken=269, SuggestedDifficulty=6
O,O,O,O,O,O,O,O,O,O
O,D,X,X,X,X,X,X,#,O
S,X,X,#,#,O,P,X,X,O
O,#,P,O,#,#,#,D,X,O
O,X,X,X,X,X,D,X,X,O
O,X,D,O,P,X,X,X,P,O
O,X,#,D,#,D,O,P,X,E
O,X,X,X,X,X,X,X,X,O
O,P,O,O,P,#,D,O,O,O
O,O,O,O,O,O,O,O,O,O

#BeginnerAgent PlayerData: Attempts=1, Backtracks=88, NearSolves=3, Resets=3, TimeTaken=116, SuggestedDifficulty=6
O,O,O,O,O,O,O,O,O,O
O,X,X,X,X,X,X,P,O,O
O,X,X,X,X,P,X,X,X,O
O,X,X,P,X,#,X,X,X,O
O,#,D,X,X,#,D,X,X,O
S,X,X,X,X,X,X,X,D,O
O,X,X,D,X,O,O,#,#,O
O,P,O,#,X,X,X,D,X,E
O,#,#,O,P,O,X,X,X,O
O,O,O,O,O,O,O,O,O,O

#BeginnerAgent PlayerData: Attempts=1, Backtracks=389, NearSolves=6, Resets=13, TimeTaken=427, SuggestedDifficulty=6
O,O,O,O,O,O,O,O,O,O
O,O,O,O,P,P,P,D,P,O
O,#,#,#,#,O,#,X,X,E
O,#,#,O,#,#,#,X,#,O
O,#,#,#,P,D,#,X,#,O
S,X,P,#,X,X,X,X,#,O
O,X,X,D,X,#,P,#,#,O
O,P,X,X,X,#,#,P,O,O
O,O,O,O,D,#,#,#,#,O
O,O,O,O,O,O,O,O,O,O

#BeginnerAgent PlayerData: Attempts=1, Backtracks=1289, NearSolves=25, Resets=41, TimeTaken=1296, SuggestedDifficulty=6
O,O,O,O,O,O,O,O,O,O
S,X,X,X,X,X,X,X,P,O
O,O,D,X,X,X,X,X,O,O
O,#,#,X,O,O,#,#,O,O
O,D,O,X,O,O,O,#,#,O
O,X,X,X,O,O,#,O,#,O
O,X,X,P,#,#,D,X,X,O
O,O,X,X,X,X,X,X,X,E
O,#,#,O,O,O,P,O,#,O
O,O,O,O,O,O,O,O,O,O

#BeginnerAgent PlayerData: Attempts=1, Backtracks=235, NearSolves=5, Resets=8, TimeTaken=274, SuggestedDifficulty=6
O,O,O,O,O,O,O,O,O,O
O,#,O,P,X,X,X,X,X,O
O,O,#,X,X,D,O,#,X,E
S,X,P,X,X,#,#,O,#,O
O,X,X,P,X,X,#,D,O,O
O,D,X,X,P,X,X,X,P,O
O,O,D,X,X,D,#,X,X,O
O,#,O,#,X,X,X,X,X,O
O,#,O,O,O,#,P,O,D,O
O,O,O,O,O,O,O,O,O,O

#BeginnerAgent PlayerData: Attempts=1, Backtracks=105, NearSolves=7, Resets=3, TimeTaken=121, SuggestedDifficulty=6
O,O,O,O,O,O,O,O,O,O
O,#,O,O,O,#,O,O,O,O
O,O,#,#,P,O,D,O,#,O
O,O,#,O,X,X,X,X,X,O
O,O,X,X,X,O,O,O,X,O
O,O,X,D,O,O,O,O,X,O
O,#,X,X,X,X,O,O,X,O
O,#,O,#,P,X,#,#,X,E
S,X,X,X,X,X,#,#,O,O
O,O,O,O,O,O,O,O,O,O

#BeginnerAgent PlayerData: Attempts=1, Backtracks=31, NearSolves=8, Resets=1, TimeTaken=58, SuggestedDifficulty=6
O,O,O,O,O,O,O,O,O,O
O,D,#,#,#,O,O,O,O,O
O,X,X,X,X,X,X,X,X,O
O,X,O,P,#,O,#,#,X,E
O,X,X,X,O,#,O,O,#,O
S,X,D,X,X,X,X,X,X,O
O,X,X,P,X,X,X,P,X,O
O,P,X,X,X,D,X,X,X,O
O,O,#,#,O,#,#,O,D,O
O,O,O,O,O,O,O,O,O,O

#BeginnerAgent PlayerData: Attempts=1, Backtracks=5, NearSolves=3, Resets=0, TimeTaken=24, SuggestedDifficulty=6
O,O,O,O,O,O,O,O,O,O
O,#,#,P,X,X,X,X,O,O
O,O,#,X,X,D,O,X,#,O
O,#,P,X,X,X,O,X,O,O
O,#,X,X,X,X,#,X,X,E
S,X,X,X,X,X,D,X,X,O
O,X,X,X,P,X,X,X,X,O
O,P,#,X,X,D,X,D,O,O
O,#,O,O,X,X,X,#,O,O
O,O,O,O,O,O,O,O,O,O

#BeginnerAgent PlayerData: Attempts=1, Backtracks=35, NearSolves=5, Resets=1, TimeTaken=55, SuggestedDifficulty=6
O,O,O,O,O,O,O,O,O,O
S,X,O,O,X,X,X,X,X,O
O,X,O,D,X,X,#,P,X,O
O,X,D,X,X,X,P,X,X,O
O,X,X,X,X,X,X,X,#,O
O,O,P,X,X,P,O,D,#,O
O,X,X,X,#,#,#,O,X,E
O,X,D,X,X,X,X,X,X,O
O,X,X,X,P,O,#,#,D,O
O,O,O,O,O,O,O,O,O,O

#BeginnerAgent PlayerData: Attempts=1, Backtracks=20, NearSolves=3, Resets=1, TimeTaken=45, SuggestedDifficulty=6
O,O,O,O,O,O,O,O,O,O
O,#,O,#,O,#,O,O,O,O
O,O,D,O,O,D,#,#,O,O
O,X,X,X,O,X,X,O,O,O
O,X,P,X,X,X,X,O,O,O
O,X,X,P,O,O,X,O,X,E
O,P,X,O,X,X,X,P,X,O
O,X,X,D,X,X,P,X,X,O
S,X,#,#,D,X,X,X,D,O
O,O,O,O,O,O,O,O,O,O

#BeginnerAgent PlayerData: Attempts=1, Backtracks=325, NearSolves=5, Resets=11, TimeTaken=371, SuggestedDifficulty=6
O,O,O,O,O,O,O,O,O,O
O,X,X,X,X,X,X,X,X,O
O,X,D,#,O,P,#,#,X,O
O,X,X,X,X,X,X,O,X,E
S,X,X,X,X,P,X,O,O,O
O,#,D,X,X,#,X,X,O,O
O,D,X,X,P,O,D,X,X,O
O,O,X,P,X,X,X,P,X,O
O,O,X,X,X,D,X,X,X,O
O,O,O,O,O,O,O,O,O,O

#BeginnerAgent PlayerData: Attempts=1, Backtracks=2727, NearSolves=18, Resets=86, TimeTaken=2689, SuggestedDifficulty=6
O,O,O,O,O,O,O,O,O,O
S,X,X,O,D,O,#,#,#,O
O,O,X,D,X,X,P,O,D,O
O,O,X,X,X,X,X,X,X,O
O,O,P,O,P,X,X,D,X,O
O,X,X,X,X,X,X,X,X,O
O,X,X,P,O,O,O,P,O,O
O,D,X,X,X,X,X,X,X,E
O,#,O,O,P,#,O,O,D,O
O,O,O,O,O,O,O,O,O,O

#BeginnerAgent PlayerData: Attempts=1, Backtracks=51, NearSolves=7, Resets=2, TimeTaken=84, SuggestedDifficulty=6
O,O,O,O,O,O,O,O,O,O
O,O,#,P,O,O,O,O,O,O
O,D,O,X,X,D,O,P,O,O
O,X,X,X,X,X,X,X,X,O
O,X,P,O,P,#,D,#,X,O
O,X,X,O,X,X,X,P,X,O
O,#,X,O,X,O,X,X,X,O
S,X,X,D,X,X,D,O,#,O
O,P,O,O,D,X,X,X,X,E
O,O,O,O,O,O,O,O,O,O

#BeginnerAgent PlayerData: Attempts=1, Backtracks=14, NearSolves=5, Resets=0, TimeTaken=30, SuggestedDifficulty=6
O,O,O,O,O,O,O,O,O,O
O,#,D,O,D,X,X,X,O,O
O,O,X,X,X,X,O,X,D,O
O,O,X,X,X,X,O,X,X,O
O,O,P,X,P,O,O,P,X,O
O,O,X,X,O,O,D,X,X,O
O,X,X,D,O,X,X,X,P,O
S,X,P,#,#,X,X,X,X,O
O,#,O,O,#,P,O,D,X,E
O,O,O,O,O,O,O,O,O,O

#BeginnerAgent PlayerData: Attempts=1, Backtracks=171, NearSolves=8, Resets=6, TimeTaken=201, SuggestedDifficulty=6
O,O,O,O,O,O,O,O,O,O
O,O,O,X,X,X,X,X,X,O
O,O,X,X,P,O,#,D,X,O
O,#,X,X,X,X,P,X,X,O
O,O,D,O,X,X,#,X,O,O
O,O,O,X,X,P,X,X,O,O
O,D,X,X,D,X,X,D,O,O
S,X,X,P,#,X,X,X,X,E
O,P,O,O,O,P,O,D,#,O
O,O,O,O,O,O,O,O,O,O

#BeginnerAgent PlayerData: Attempts=1, Backtracks=5125, NearSolves=0, Resets=161, TimeTaken=5001, SuggestedDifficulty=6
O,O,O,O,O,O,O,O,O,O
O,O,X,X,X,D,O,P,O,O
O,X,X,P,X,X,X,X,D,O
O,X,D,#,#,O,O,X,X,O
O,X,X,X,D,#,#,O,X,E
O,O,P,X,X,X,P,O,O,O
O,P,O,O,P,X,X,O,O,O
S,X,X,X,X,D,X,O,O,O
O,#,O,D,X,X,X,O,O,O
O,O,O,O,O,O,O,O,O,O

#BeginnerAgent PlayerData: Attempts=1, Backtracks=5137, NearSolves=0, Resets=161, TimeTaken=5001, SuggestedDifficulty=6
O,O,O,O,O,O,O,O,O,O
S,X,X,X,X,X,P,O,#,O
O,O,O,O,O,X,X,#,O,O
O,#,O,O,X,X,X,#,O,O
O,O,O,O,X,#,D,O,#,O
O,O,D,X,X,#,O,O,O,O
O,O,O,X,P,O,#,#,#,O
O,#,O,X,X,X,X,X,X,O
O,#,#,O,O,O,O,O,X,E
O,O,O,O,O,O,O,O,O,O

#BeginnerAgent PlayerData: Attempts=1, Backtracks=146, NearSolves=18, Resets=5, TimeTaken=185, SuggestedDifficulty=6
O,O,O,O,O,O,O,O,O,O
O,#,O,#,#,O,O,#,O,O
O,#,D,#,#,P,#,O,O,O
O,P,X,X,O,X,X,X,O,O
S,X,X,X,#,X,#,X,X,O
O,#,P,X,O,X,O,D,X,E
O,X,X,X,#,X,X,X,X,O
O,X,D,O,P,O,O,D,X,O
O,X,X,X,X,X,X,X,X,O
O,O,O,O,O,O,O,O,O,O

#BeginnerAgent PlayerData: Attempts=1, Backtracks=33, NearSolves=12, Resets=1, TimeTaken=53, SuggestedDifficulty=6
O,O,O,O,O,O,O,O,O,O
O,O,#,X,X,X,X,X,X,E
S,X,X,X,X,X,X,O,#,O
O,#,X,D,X,X,X,P,#,O
O,O,X,O,X,D,#,#,O,O
O,O,X,O,X,X,P,#,#,O
O,X,X,D,#,X,X,X,X,O
O,X,P,X,X,X,X,X,X,O
O,X,X,X,O,O,P,#,D,O
O,O,O,O,O,O,O,O,O,O

#BeginnerAgent PlayerData: Attempts=1, Backtracks=12, NearSolves=3, Resets=0, TimeTaken=28, SuggestedDifficulty=6
O,O,O,O,O,O,O,O,O,O
O,P,O,D,X,X,X,O,#,O
O,X,X,X,X,O,X,X,#,O
O,X,D,O,P,#,P,X,X,O
S,X,X,X,X,X,#,D,X,O
O,#,X,#,X,X,D,X,X,O
O,O,X,O,X,P,X,X,#,O
O,#,X,X,X,X,X,X,X,E
O,O,P,X,X,X,X,X,D,O
O,O,O,O,O,O,O,O,O,O

#BeginnerAgent PlayerData: Attempts=1, Backtracks=469, NearSolves=11, Resets=15, TimeTaken=495, SuggestedDifficulty=6
O,O,O,O,O,O,O,O,O,O
S,X,O,O,#,X,X,X,#,O
O,X,#,D,X,X,D,X,O,O
O,X,D,X,X,P,X,X,#,O
O,X,X,X,X,X,X,O,X,E
O,P,O,P,X,O,P,O,X,O
O,O,#,O,X,#,O,#,X,O
O,O,O,O,X,X,P,X,X,O
O,O,O,O,D,X,X,X,D,O
O,O,O,O,O,O,O,O,O,O

#BeginnerAgent PlayerData: Attempts=1, Backtracks=1818, NearSolves=4, Resets=57, TimeTaken=1789, SuggestedDifficulty=6
O,O,O,O,O,O,O,O,O,O
O,O,X,X,X,D,X,X,X,O
O,O,X,P,X,X,X,P,X,O
O,D,X,X,O,D,O,O,X,E
O,O,O,X,X,X,X,D,#,O
O,O,O,#,O,P,X,X,O,O
S,X,X,O,D,O,O,X,O,O
O,#,X,X,X,X,X,X,P,O
O,#,P,#,P,X,X,D,O,O
O,O,O,O,O,O,O,O,O,O

#BeginnerAgent PlayerData: Attempts=1, Backtracks=711, NearSolves=16, Resets=23, TimeTaken=741, SuggestedDifficulty=6
O,O,O,O,O,O,O,O,O,O
O,P,O,O,O,P,X,X,X,O
O,X,X,X,X,X,X,P,X,O
S,X,O,O,D,#,D,O,X,O
O,X,X,P,O,#,O,O,X,O
O,X,X,X,P,#,P,X,X,O
O,X,D,X,X,X,X,X,D,O
O,X,X,X,D,O,O,#,#,O
O,O,D,X,X,X,X,X,X,E
O,O,O,O,O,O,O,O,O,O

#BeginnerAgent PlayerData: Attempts=1, Backtracks=2, NearSolves=3, Resets=0, TimeTaken=15, SuggestedDifficulty=6
O,O,O,O,O,O,O,O,O,O
O,D,X,X,X,X,X,D,O,O
O,X,X,P,#,O,X,O,#,O
O,X,#,#,#,O,X,X,D,O
O,X,X,P,O,O,P,X,X,O
S,X,X,X,X,O,O,P,X,O
O,X,X,D,X,O,X,X,X,O
O,P,X,X,X,D,X,X,X,E
O,O,P,O,O,O,D,O,O,O
O,O,O,O,O,O,O,O,O,O

#BeginnerAgent PlayerData: Attempts=1, Backtracks=471, NearSolves=6, Resets=15, TimeTaken=490, SuggestedDifficulty=6
O,O,O,O,O,O,O,O,O,O
O,O,O,#,O,O,P,O,D,O
S,X,D,X,X,X,X,X,X,O
O,X,X,X,P,O,O,O,X,O
O,D,#,O,O,P,#,X,X,O
O,X,X,X,X,X,X,X,P,O
O,X,X,O,P,O,O,D,X,E
O,P,X,X,X,X,X,X,X,O
O,O,D,#,#,O,O,O,D,O
O,O,O,O,O,O,O,O,O,O

#BeginnerAgent PlayerData: Attempts=1, Backtracks=251, NearSolves=12, Resets=8, TimeTaken=276, SuggestedDifficulty=6
O,O,O,O,O,O,O,O,O,O
O,O,O,X,X,X,#,O,O,O
O,D,X,X,P,X,X,O,#,O
S,X,X,P,O,D,X,O,O,O
O,O,X,X,X,X,X,#,X,E
O,O,X,X,D,O,#,D,X,O
O,#,P,X,O,O,D,X,X,O
O,P,X,X,D,O,X,X,P,O
O,O,X,X,X,X,X,P,O,O
O,O,O,O,O,O,O,O,O,O

#BeginnerAgent PlayerData: Attempts=1, Backtracks=2933, NearSolves=8, Resets=92, TimeTaken=2878, SuggestedDifficulty=6
O,O,O,O,O,O,O,O,O,O
O,O,O,X,X,X,X,X,X,O
O,O,O,X,D,O,P,O,X,E
O,D,O,X,X,X,X,O,#,O
O,X,X,X,X,X,X,O,O,O
O,X,#,O,O,O,#,#,#,O
O,X,X,O,O,#,#,#,O,O
S,X,X,P,#,O,O,O,O,O
O,O,#,O,#,O,O,#,#,O
O,O,O,O,O,O,O,O,O,O

#BeginnerAgent PlayerData: Attempts=1, Backtracks=2665, NearSolves=21, Resets=84, TimeTaken=2626, SuggestedDifficulty=6
O,O,O,O,O,O,O,O,O,O
O,P,O,D,X,X,X,X,X,O
O,X,X,X,X,P,O,D,X,O
S,X,O,O,#,O,D,X,X,O
O,O,X,X,X,X,X,X,O,O
O,O,X,#,#,O,X,X,#,O
O,O,X,#,#,O,#,P,X,E
O,O,X,X,X,X,X,X,X,O
O,#,P,O,#,#,#,D,#,O
O,O,O,O,O,O,O,O,O,O

#BeginnerAgent PlayerData: Attempts=1, Backtracks=167, NearSolves=3, Resets=6, TimeTaken=199, SuggestedDifficulty=6
O,O,O,O,O,O,O,O,O,O
O,#,#,P,O,P,O,#,#,O
S,X,X,X,O,X,X,X,X,E
O,#,D,X,O,X,#,X,X,O
O,O,#,X,X,X,O,X,X,O
O,P,#,P,#,D,X,X,X,O
O,X,X,X,X,X,X,D,X,O
O,X,X,D,O,O,P,#,X,O
O,D,X,X,X,X,X,X,X,O
O,O,O,O,O,O,O,O,O,O

#BeginnerAgent PlayerData: Attempts=1, Backtracks=60, NearSolves=4, Resets=2, TimeTaken=86, SuggestedDifficulty=6
O,O,O,O,O,O,O,O,O,O
O,O,#,#,X,X,X,X,X,E
O,P,X,X,X,P,O,X,X,O
O,X,X,P,X,X,O,X,X,O
O,X,X,X,X,X,X,X,X,O
O,#,D,X,X,D,X,X,X,O
O,O,#,O,P,#,X,X,X,O
O,O,#,#,X,X,X,X,X,O
S,X,X,X,X,D,O,D,#,O
O,O,O,O,O,O,O,O,O,O

#BeginnerAgent PlayerData: Attempts=1, Backtracks=61, NearSolves=20, Resets=2, TimeTaken=91, SuggestedDifficulty=6
O,O,O,O,O,O,O,O,O,O
S,X,X,X,X,X,O,D,#,O
O,#,P,#,D,X,#,X,X,O
O,P,X,X,X,X,O,X,X,E
O,O,X,X,D,X,X,X,D,O
O,P,X,X,#,X,X,X,X,O
O,#,X,X,D,X,X,O,X,O
O,P,X,X,O,#,P,O,X,O
O,O,X,X,X,X,X,X,X,O
O,O,O,O,O,O,O,O,O,O

#BeginnerAgent PlayerData: Attempts=1, Backtracks=421, NearSolves=20, Resets=14, TimeTaken=451, SuggestedDifficulty=6
O,O,O,O,O,O,O,O,O,O
O,O,#,X,X,X,O,O,#,O
O,#,X,X,P,X,X,X,O,O
O,X,X,D,#,D,X,X,O,O
S,X,P,#,O,X,X,P,X,E
O,O,X,X,X,X,D,O,X,O
O,X,X,D,O,P,O,O,X,O
O,X,P,X,X,X,X,X,X,O
O,X,X,X,D,O,O,O,O,O
O,O,O,O,O,O,O,O,O,O

#BeginnerAgent PlayerData: Attempts=1, Backtracks=722, NearSolves=9, Resets=23, TimeTaken=743, SuggestedDifficulty=6
O,O,O,O,O,O,O,O,O,O
O,O,O,O,D,O,P,#,O,O
S,X,X,X,X,X,X,X,P,O
O,P,O,#,O,O,D,X,X,O
O,O,O,P,X,X,X,X,X,O
O,O,O,X,X,O,D,#,O,O
O,D,X,X,D,X,X,X,X,O
O,O,X,P,X,X,D,O,X,E
O,#,X,X,X,P,O,#,O,O
O,O,O,O,O,O,O,O,O,O

#BeginnerAgent PlayerData: Attempts=1, Backtracks=5114, NearSolves=6, Resets=161, TimeTaken=5001, SuggestedDifficulty=6
O,O,O,O,O,O,O,O,O,O
O,X,X,X,X,P,O,O,#,O
O,X,P,O,X,X,X,X,X,E
O,X,X,O,P,O,#,O,D,O
O,D,X,X,X,X,O,O,O,O
O,O,X,X,D,X,X,P,O,O
S,X,X,P,#,D,X,X,O,O
O,D,X,X,#,X,X,X,O,O
O,O,P,X,X,X,D,#,O,O
O,O,O,O,O,O,O,O,O,O

#BeginnerAgent PlayerData: Attempts=1, Backtracks=231, NearSolves=8, Resets=8, TimeTaken=264, SuggestedDifficulty=6
O,O,O,O,O,O,O,O,O,O
O,#,X,X,X,O,#,O,O,O
O,X,X,P,X,O,O,O,X,E
S,X,D,X,X,X,X,X,X,O
O,D,X,X,O,X,D,O,O,O
O,X,X,P,#,X,X,X,O,O
O,X,X,X,O,O,P,X,X,O
O,P,O,X,X,X,X,D,X,O
O,O,#,D,#,P,X,X,X,O
O,O,O,O,O,O,O,O,O,O

#BeginnerAgent PlayerData: Attempts=1, Backtracks=332, NearSolves=9, Resets=11, TimeTaken=365, SuggestedDifficulty=6
O,O,O,O,O,O,O,O,O,O
O,#,O,O,X,X,X,D,O,O
O,#,D,X,X,P,X,O,O,O
S,X,X,X,P,O,X,X,D,O
O,O,X,X,X,O,P,X,X,O
O,#,X,D,X,X,X,X,X,O
O,#,X,X,P,O,D,O,P,O
O,O,P,X,X,X,X,X,X,O
O,#,O,D,O,O,O,O,X,E
O,O,O,O,O,O,O,O,O,O

#BeginnerAgent PlayerData: Attempts=1, Backtracks=62, NearSolves=3, Resets=2, TimeTaken=90, SuggestedDifficulty=6
O,O,O,O,O,O,O,O,O,O
O,X,X,X,X,D,O,O,#,O
S,X,P,O,X,X,P,O,O,O
O,#,O,O,O,X,O,X,X,E
O,X,X,X,X,X,#,X,D,O
O,X,P,O,O,D,O,X,X,O
O,X,X,X,D,#,O,O,X,O
O,O,#,X,X,X,D,X,X,O
O,O,O,O,P,X,X,X,P,O
O,O,O,O,O,O,O,O,O,O

#BeginnerAgent PlayerData: Attempts=1, Backtracks=649, NearSolves=7, Resets=21, TimeTaken=681, SuggestedDifficulty=6
O,O,O,O,O,O,O,O,O,O
O,X,X,X,X,X,X,D,X,E
O,X,D,#,#,P,X,X,X,O
O,X,X,P,O,O,O,X,X,O
O,D,X,X,O,O,#,X,X,O
O,X,X,X,X,X,X,X,X,O
O,X,O,X,X,D,O,P,X,O
O,X,O,X,P,#,#,X,X,O
S,X,P,X,X,X,X,X,D,O
O,O,O,O,O,O,O,O,O,O

